Model,ROC_AUC,Accuracy,Precision
Logistic Regression,0.942953762952581,0.9267799833590872,0.6482084690553745
Decision Tree,0.929735036274752,0.9233329371211221,0.6019736842105263
Random Forest,0.9438831623698501,0.9229763461309878,0.5980066445182725
XGBoost,0.9368197451534853,0.8812552002852728,0.3983286908077994
